[
    {
        "id": 1,
        "name": "PPI",
        "username": "ppi",
        "email": "ppi303.2@gmail.com",
        "password": "$2y$10$SBnq.bfbQEw56jS5G5XDQetH\/u80WVch68iV4OtY2oGhkMLN8t00a",
        "type": "user"
    },
    {
        "id": 2,
        "name": "MUTU",
        "username": "mutu",
        "email": "mutu12332.2@gmail.com",
        "password": "$2y$10$MYUb4gA\/a2lpsOnXEow\/0OloGis8p8tP1fyvlgi5SltcCcqHHlNAa",
        "type": "user"
    },
    {
        "id": 3,
        "name": "ADMIN",
        "username": "admin",
        "email": "admin3345.2@gmail.com",
        "password": "$2y$10$dmmJnyMy\/ZFU5B0YbFeTteqnMMaXbeF.W6aDfgJjkgI1Zd2LWf1Ea",
        "type": "user"
    }
]