[
    {
        "Mengidentifikasi pasien dengan benar Kepatuhan petugas dalam melakukan identifikasi tindakan injeksi diruang rawat inap.": [
            {
                "PMKP": "2023!E6:AI6"
            }
        ]
    },
    {
        "Meningkatkan komunikasi yang efektif Kepatuhan DPJP dalam memberikan validasi dalam proses verifikasi TULBAKON": [
            {
                "Maternal": "2023!E9:AI9"
            },
            {
                "General": "2023!E12:AI12"
            },
            {
                "Paviliun": "2023!E15:AI15"
            },
            {
                "Neonatologi": "2023!E18:AI18"
            },
            {
                "Anak": "2023!E21:AI21"
            }
        ]
    },
    {
        "Meningkatkan keamanan obat yang perlu diwaspadai (High Alert Medications) Kepatuhan pengecekan obat yang memerlukan kewaspadaan tinggi (high alert)": [
            {
                "FARMASI": "2023!E24:AI24"
            }
        ]
    },
    {
        "Terlaksananya proses tepat lokasi, tepat-prosedur, tepat-pasien yang menjalani tindakan dan prosedur. Kepatuhan Pelaksanaan Prosedur Site Marketing Pada Pasien Yang Akan Dilakukan Tindakan Operasi": [
            {
                "OK": "2023!E27:AI27"
            }
        ]
    },
    {
        "Dikuranginya risiko infeksi terkait pelayanan kesehatan Kepatuhan cuci tangan": [
            {
                "PPI": "2023!E30:AI30"
            }
        ]
    },
    {
        "Mengurangi risiko cidera karena pasien jatuh Kepatuhan pemberian pita kuning pada pasien resiko jatuh tinggi di unit rawat jalan": [
            {
                "RAWAT JALAN": "2023!E33:AI33"
            }
        ]
    }
]