[
    {
        "Kepatuhan tim Keamanan dalam melaksanakan pengawasan penggunaan masker di Rumah Sakit": [
            {
                "Sub. Bagian Umum ": "IMP-UNIT JANUARI 2023!E6:AI6"
            }
        ]
    },
    {
        "Kejadian Nyaris Cidera Peresepan Obat ( Medication error )": [
            {
                "Farmasi": "IMP-UNIT JANUARI 2023!E9:AI9"
            }
        ]
    },
    {
        "Angka pencapaian kualitas pencucian linen rumah sakit yang baik": [
            {
                "CSSD": "IMP-UNIT JANUARI 2023!E12:AI12"
            }
        ]
    },
    {
        "Persentase Ketepatan Waktu Distribusi diet Kepada Pasien Rawat Inap": [
            {
                "Unit GIZI": "IMP-UNIT JANUARI 2023!E15:AI15"
            }
        ]
    },
    {
        "Kepatuhan pemakaian indikator pada proses sterilisasi": [
            {
                "OK": "IMP-UNIT JANUARI 2023!E18:AI18"
            }
        ]
    },
    {
        "Angka kedisiplinan apoteker dalam melakukan visitasi pasien": []
    },
    {
        "Kelengkapan laporan akuntabilitas kinerja": [
            {
                "Tata Usaha": "IMP-UNIT JANUARI 2023!E21:AI21"
            }
        ]
    },
    {
        "Utilisasi kamar VIP dan VVIP di rawat inap": [
            {
                "Paviliun": "IMP-UNIT JANUARI 2023!E24:AI24"
            }
        ]
    },
    {
        "Angka pencapaian pelaksanaan ceklist kebersihan rumah sakit": [
            {
                "Rumah Tangga": "IMP-UNIT JANUARI 2023!E27:AI27"
            }
        ]
    },
    {
        "Ketepatan waktu penanganan kerusakan hardware \/ jaringan": [
            {
                "IT": "IMP-UNIT JANUARI 2023!E30:AI30"
            }
        ]
    },
    {
        "Diskusi Kasus Sulit": [
            {
                "Bidang Pelayanan ": "IMP-UNIT JANUARI 2023!E33:AI33"
            }
        ]
    },
    {
        "Respontime ketepatan waktu pendaftaran online": [
            {
                "TPP": "IMP-UNIT JANUARI 2023!E36:AI36"
            }
        ]
    },
    {
        "Kelengkapan asesmen awal medis dan keperawatan dalam waktu 24 jam setelah pasien masuk rumah sakit": [
            {
                "General": "IMP-UNIT JANUARI 2023!E39:AI39"
            },
            {
                "Maternal": "IMP-UNIT JANUARI 2023!E42:AI42"
            },
            {
                "Anak": "IMP-UNIT JANUARI 2023!E45:AI45"
            },
            {
                "Neonatus": "IMP-UNIT JANUARI 2023!E48:AI48"
            },
            {
                "Paviliun": "IMP-UNIT JANUARI 2023!E51:AI51"
            },
            {
                "ICU": "IMP-UNIT JANUARI 2023!E54:AI54"
            }
        ]
    },
    {
        "Angka kelengkapan pengisian rekam medis pasien pada saat pasien akan pulang": [
            {
                "Rekam Medis": "IMP-UNIT JANUARI 2023!E57:AI57"
            }
        ]
    },
    {
        "Kejadian Pasien Pulang Atas Permintaan Sendiri ( APS )": [
            {
                "Neonatologi": "IMP-UNIT JANUARI 2023!E60:AI60"
            }
        ]
    },
    {
        "Waktu tanggap Pelayanan Dokter di Gawat Darurat": [
            {
                "IGD": "IMP-UNIT JANUARI 2023!E63:AI63"
            }
        ]
    },
    {
        "Ketepatan Waktu Penyelesaian Hasil P.A (Patologi Anatomi)": [
            {
                "Laboratorium": "IMP-UNIT JANUARI 2023!E66:AI66"
            }
        ]
    },
    {
        "Ketepatan Waktu Pemindahan Pasien IGD ke Rawat Inap": [
            {
                "IGD": "IMP-UNIT JANUARI 2023!E69:AI69"
            }
        ]
    },
    {
        "Waktu Tunggu Pelayanan Hasil Radiologi Rawat Jalan \u2264 180  menit": [
            {
                "IGD": "IMP-UNIT JANUARI 2023!E72:AI72"
            }
        ]
    },
    {
        "ketepatan Waktu Pengecekan BRM pasien pulang": [
            {
                "Maternal": "IMP-UNIT JANUARI 2023!E75:AI75"
            },
            {
                "General": "IMP-UNIT JANUARI 2023!E78:AI78"
            },
            {
                "Paviliun": "IMP-UNIT JANUARI 2023!E81:AI81"
            },
            {
                "Neonatologi": "IMP-UNIT JANUARI 2023!E84:AI84"
            },
            {
                "Anak": "IMP-UNIT JANUARI 2023!E87:AI87"
            },
            {
                "Farmasi ": "IMP-UNIT JANUARI 2023!E90:AI90"
            },
            {
                "Rekam Medis": "IMP-UNIT JANUARI 2023!E93:AI93"
            },
            {
                "Billing": "IMP-UNIT JANUARI 2023!E96:AI96"
            }
        ]
    },
    {
        "ketepatan Waktu Pelayanan obat pasien pulang": [
            {
                "IGD": "IMP-UNIT JANUARI 2023!E99:AI99"
            }
        ]
    }
]