[
    {
        "Kepatuhan Kebersihan Tangan": [
            {
                "PPI": "INM JANUARI 2023!E6:AI6"
            }
        ]
    },
    {
        "Kepatuhan Penggunaan Alat Pelindung Diri (APD)": [
            {
                "PPI": "INM JANUARI 2023!E9:AI9"
            }
        ]
    },
    {
        "Kepatuhan Identifikasi Pasien": [
            {
                "Maternal": "INM JANUARI 2023!E12:AI12"
            },
            {
                "General": "INM JANUARI 2023!E15:AI15"
            },
            {
                "Paviliun": "INM JANUARI 2023!E18:AI18"
            },
            {
                "Anak ": "INM JANUARI 2023!E21:AI21"
            },
            {
                "Neo": "INM JANUARI 2023!E24:AI24"
            },
            {
                "ICU": "INM JANUARI 2023!E27:AI27"
            }
        ]
    },
    {
        "Waktu Tanggap Operasi Seksio Sesarea Emergensi": [
            {
                "OK": "INM JANUARI 2023!E30:AI30"
            }
        ]
    },
    {
        "Waktu Tunggu Rawat Jalan": [
            {
                "Rawat Jalan ": "INM JANUARI 2023!E33:AI33"
            }
        ]
    },
    {
        "Penundaan Operasi Elektif": [
            {
                "OK": "INM JANUARI 2023!E36:AI36"
            }
        ]
    },
    {
        "Kepatuhan Visite Dokter": [
            {
                "Maternal": "INM JANUARI 2023!E39:AI39"
            },
            {
                "General": "INM JANUARI 2023!E42:AI42"
            },
            {
                "Paviliun": "INM JANUARI 2023!E45:AI45"
            },
            {
                "Anak ": "INM JANUARI 2023!E48:AI48"
            },
            {
                "Neo": "INM JANUARI 2023!E51:AI51"
            },
            {
                "ICU": "INM JANUARI 2023!E54:AI54"
            }
        ]
    },
    {
        "Pelaporan Hasil Kritis Laboratorium": [
            {
                "Laoratorium ": "INM JANUARI 2023!E57:AI57"
            }
        ]
    },
    {
        "Kepatuhan Penggunaan Formularium Nasional": [
            {
                "Farmasi \n": "INM JANUARI 2023!E60:AI60"
            }
        ]
    },
    {
        "Kepatuhan Terhadap Alur Klinis (Clinical Pathway)": [
            {
                "CP": "INM JANUARI 2023!E63:AI63"
            }
        ]
    },
    {
        "Kepatuhan Upaya Pencegahan risiko Pasien Jatuh": [
            {
                "Maternal": "INM JANUARI 2023!E66:AI66"
            },
            {
                "General": "INM JANUARI 2023!E69:AI69"
            },
            {
                "Paviliun": "INM JANUARI 2023!E72:AI72"
            },
            {
                "Anak ": "INM JANUARI 2023!E75:AI75"
            },
            {
                "Neo": "INM JANUARI 2023!E78:AI78"
            },
            {
                "ICU": "INM JANUARI 2023!E81:AI81"
            }
        ]
    },
    {
        "Kecepatan Waktu Tanggap Komplain": [
            {
                "Humas": "INM JANUARI 2023!E84:AI84"
            }
        ]
    },
    {
        "Kepuasan Pasien": [
            {
                "Humas": "INM JANUARI 2023!E87:AI87"
            }
        ]
    }
]